unique_id,ds,LGBMRegressor
Свердловская область,2026-09-19 00:00:00,3932.4191389206344
Свердловская область,2026-09-19 01:00:00,3913.401707365054
Свердловская область,2026-09-19 02:00:00,3849.329897899279
Свердловская область,2026-09-19 03:00:00,3871.759252466357
Свердловская область,2026-09-19 04:00:00,3917.259801629083
Свердловская область,2026-09-19 05:00:00,3991.748658051702
Свердловская область,2026-09-19 06:00:00,4213.686186161377
Свердловская область,2026-09-19 07:00:00,4395.216048735821
Свердловская область,2026-09-19 08:00:00,4470.890630310248
Свердловская область,2026-09-19 09:00:00,4458.792203071948
Свердловская область,2026-09-19 10:00:00,4455.240704493187
Свердловская область,2026-09-19 11:00:00,4494.2013799257675
Свердловская область,2026-09-19 12:00:00,4471.934347715567
Свердловская область,2026-09-19 13:00:00,4433.062212240826
Свердловская область,2026-09-19 14:00:00,4412.848851708429
Свердловская область,2026-09-19 15:00:00,4404.106392306848
Свердловская область,2026-09-19 16:00:00,4380.515394091344
Свердловская область,2026-09-19 17:00:00,4433.434602223659
Свердловская область,2026-09-19 18:00:00,4534.39227541065
Свердловская область,2026-09-19 19:00:00,4473.097310412251
Свердловская область,2026-09-19 20:00:00,4287.530741058778
Свердловская область,2026-09-19 21:00:00,4109.989436541302
Свердловская область,2026-09-19 22:00:00,3983.074688912852
Свердловская область,2026-09-19 23:00:00,3923.565851339034
Свердловская область,2026-09-20 00:00:00,3888.6488157757267
Свердловская область,2026-09-20 01:00:00,3873.5078244408246
Свердловская область,2026-09-20 02:00:00,3849.792518227647
Свердловская область,2026-09-20 03:00:00,3841.194818103528
Свердловская область,2026-09-20 04:00:00,3864.4661405946613
Свердловская область,2026-09-20 05:00:00,3931.2950178083433
Свердловская область,2026-09-20 06:00:00,4168.529910359272
Свердловская область,2026-09-20 07:00:00,4308.715139765096
Свердловская область,2026-09-20 08:00:00,4402.955938460886
Свердловская область,2026-09-20 09:00:00,4412.071057066153
Свердловская область,2026-09-20 10:00:00,4428.99828887609
Свердловская область,2026-09-20 11:00:00,4439.7759765672945
Свердловская область,2026-09-20 12:00:00,4428.79640962
Свердловская область,2026-09-20 13:00:00,4422.188999908219
Свердловская область,2026-09-20 14:00:00,4424.150183589352
Свердловская область,2026-09-20 15:00:00,4430.651039068091
Свердловская область,2026-09-20 16:00:00,4391.343632291996
Свердловская область,2026-09-20 17:00:00,4428.901854086026
Свердловская область,2026-09-20 18:00:00,4518.815576519415
Свердловская область,2026-09-20 19:00:00,4476.428521633446
Свердловская область,2026-09-20 20:00:00,4287.834822121178
Свердловская область,2026-09-20 21:00:00,4088.64737097393
Свердловская область,2026-09-20 22:00:00,3957.922940363534
Свердловская область,2026-09-20 23:00:00,3865.879344535333
Свердловская область,2026-09-21 00:00:00,3828.023983344835
Свердловская область,2026-09-21 01:00:00,3816.439182349031
Свердловская область,2026-09-21 02:00:00,3845.90855400881
Свердловская область,2026-09-21 03:00:00,3901.5930295516605
Свердловская область,2026-09-21 04:00:00,4056.65571431311
Свердловская область,2026-09-21 05:00:00,4264.646698166702
Свердловская область,2026-09-21 06:00:00,4511.375679388305
Свердловская область,2026-09-21 07:00:00,4569.102024270628
Свердловская область,2026-09-21 08:00:00,4606.411818906671
Свердловская область,2026-09-21 09:00:00,4577.453513858335
Свердловская область,2026-09-21 10:00:00,4580.143279573021
Свердловская область,2026-09-21 11:00:00,4603.676999449502
Свердловская область,2026-09-21 12:00:00,4567.9691732482715
Свердловская область,2026-09-21 13:00:00,4539.037375763899
Свердловская область,2026-09-21 14:00:00,4513.263099245063
Свердловская область,2026-09-21 15:00:00,4534.315985121827
Свердловская область,2026-09-21 16:00:00,4493.300419651915
Свердловская область,2026-09-21 17:00:00,4496.048027312235
Свердловская область,2026-09-21 18:00:00,4552.472949151504
Свердловская область,2026-09-21 19:00:00,4477.5263713543245
Свердловская область,2026-09-21 20:00:00,4293.434580317431
Свердловская область,2026-09-21 21:00:00,4110.552989234923
Свердловская область,2026-09-21 22:00:00,3996.399093631409
Свердловская область,2026-09-21 23:00:00,3936.5401131166245
Свердловская область,2026-09-22 00:00:00,3887.116577029906
Свердловская область,2026-09-22 01:00:00,3863.636316214063
Свердловская область,2026-09-22 02:00:00,3862.394845249643
Свердловская область,2026-09-22 03:00:00,3922.0260980014373
Свердловская область,2026-09-22 04:00:00,4073.144977917117
Свердловская область,2026-09-22 05:00:00,4243.061007763368
Свердловская область,2026-09-22 06:00:00,4494.017376923943
Свердловская область,2026-09-22 07:00:00,4600.534880723658
Свердловская область,2026-09-22 08:00:00,4586.890823678929
Свердловская область,2026-09-22 09:00:00,4554.376397033559
Свердловская область,2026-09-22 10:00:00,4544.649793862945
Свердловская область,2026-09-22 11:00:00,4564.162090130713
Свердловская область,2026-09-22 12:00:00,4543.256774512212
Свердловская область,2026-09-22 13:00:00,4496.171620007597
Свердловская область,2026-09-22 14:00:00,4477.168909556745
Свердловская область,2026-09-22 15:00:00,4457.950873755057
Свердловская область,2026-09-22 16:00:00,4441.876715389489
Свердловская область,2026-09-22 17:00:00,4450.071979369154
Свердловская область,2026-09-22 18:00:00,4525.403053605328
Свердловская область,2026-09-22 19:00:00,4471.083357159301
Свердловская область,2026-09-22 20:00:00,4274.72736329604
Свердловская область,2026-09-22 21:00:00,4098.169451940604
Свердловская область,2026-09-22 22:00:00,3981.314732145509
Свердловская область,2026-09-22 23:00:00,3930.497776502655
Свердловская область,2026-09-23 00:00:00,3886.3401180633955
Свердловская область,2026-09-23 01:00:00,3883.378204555872
Свердловская область,2026-09-23 02:00:00,3898.596637249233
Свердловская область,2026-09-23 03:00:00,4003.2492136343394
Свердловская область,2026-09-23 04:00:00,4136.70204644923
Свердловская область,2026-09-23 05:00:00,4289.6703012175285
Свердловская область,2026-09-23 06:00:00,4498.922510574071
Свердловская область,2026-09-23 07:00:00,4633.046171284653
Свердловская область,2026-09-23 08:00:00,4630.619327560744
Свердловская область,2026-09-23 09:00:00,4613.124156586274
Свердловская область,2026-09-23 10:00:00,4594.807583532532
Свердловская область,2026-09-23 11:00:00,4599.213108783692
Свердловская область,2026-09-23 12:00:00,4543.282163338929
Свердловская область,2026-09-23 13:00:00,4504.233089504468
Свердловская область,2026-09-23 14:00:00,4500.942910911132
Свердловская область,2026-09-23 15:00:00,4502.059128406469
Свердловская область,2026-09-23 16:00:00,4493.670093272049
Свердловская область,2026-09-23 17:00:00,4488.173459338775
Свердловская область,2026-09-23 18:00:00,4558.117407497077
Свердловская область,2026-09-23 19:00:00,4480.9318440325815
Свердловская область,2026-09-23 20:00:00,4281.46010466812
Свердловская область,2026-09-23 21:00:00,4104.269128749302
Свердловская область,2026-09-23 22:00:00,3980.6479557205453
Свердловская область,2026-09-23 23:00:00,3923.395975300305
Свердловская область,2026-09-24 00:00:00,3871.07615656071
Свердловская область,2026-09-24 01:00:00,3859.0797400942283
Свердловская область,2026-09-24 02:00:00,3878.7083475318923
Свердловская область,2026-09-24 03:00:00,3980.7723657147744
Свердловская область,2026-09-24 04:00:00,4130.774639151236
Свердловская область,2026-09-24 05:00:00,4271.853758577464
Свердловская область,2026-09-24 06:00:00,4513.054201901881
Свердловская область,2026-09-24 07:00:00,4599.495629685824
Свердловская область,2026-09-24 08:00:00,4589.6708601073005
Свердловская область,2026-09-24 09:00:00,4556.3721396736455
Свердловская область,2026-09-24 10:00:00,4572.085602973036
Свердловская область,2026-09-24 11:00:00,4579.76673029478
Свердловская область,2026-09-24 12:00:00,4534.847038156178
Свердловская область,2026-09-24 13:00:00,4496.831183566977
Свердловская область,2026-09-24 14:00:00,4490.279718528492
Свердловская область,2026-09-24 15:00:00,4485.209447439631
Свердловская область,2026-09-24 16:00:00,4464.883927609685
Свердловская область,2026-09-24 17:00:00,4471.263375986077
Свердловская область,2026-09-24 18:00:00,4551.240166003982
Свердловская область,2026-09-24 19:00:00,4479.31096680467
Свердловская область,2026-09-24 20:00:00,4290.049733091939
Свердловская область,2026-09-24 21:00:00,4105.150218753341
Свердловская область,2026-09-24 22:00:00,3989.9576501135293
Свердловская область,2026-09-24 23:00:00,3926.351280369229
Свердловская область,2026-09-25 00:00:00,3881.4013972527573
Свердловская область,2026-09-25 01:00:00,3886.360371032722
Свердловская область,2026-09-25 02:00:00,3877.615964118435
Свердловская область,2026-09-25 03:00:00,3991.6599146643052
Свердловская область,2026-09-25 04:00:00,4159.283838473159
Свердловская область,2026-09-25 05:00:00,4288.323434434419
Свердловская область,2026-09-25 06:00:00,4520.904982435043
Свердловская область,2026-09-25 07:00:00,4608.08700482248
Свердловская область,2026-09-25 08:00:00,4635.993449509144
Свердловская область,2026-09-25 09:00:00,4611.601877588969
Свердловская область,2026-09-25 10:00:00,4606.0368548278
Свердловская область,2026-09-25 11:00:00,4620.186635874366
Свердловская область,2026-09-25 12:00:00,4579.899307175812
Свердловская область,2026-09-25 13:00:00,4547.773456365206
Свердловская область,2026-09-25 14:00:00,4522.252313724361
Свердловская область,2026-09-25 15:00:00,4511.114120956265
Свердловская область,2026-09-25 16:00:00,4496.688802136346
Свердловская область,2026-09-25 17:00:00,4522.232539567403
Свердловская область,2026-09-25 18:00:00,4587.269492471733
Свердловская область,2026-09-25 19:00:00,4519.739581944888
Свердловская область,2026-09-25 20:00:00,4312.733572046654
Свердловская область,2026-09-25 21:00:00,4151.321070502311
Свердловская область,2026-09-25 22:00:00,4034.103151992858
Свердловская область,2026-09-25 23:00:00,3975.1074013247917
